candidate	summary	model	chain_count	chains	chain_lengths	native_seq_identity	binder_chain_guess	ranking_score	iptm	ptm	overall_plddt	overall_pae	has_clash
d2_s0	/scratch/brussel/vo/000/bvo00014/vsc39230/slyb/cofolding/out/rf3_remaining4_50056973/d2_s0_cofold/d2_s0_cofold_summary_confidences.json	/scratch/brussel/vo/000/bvo00014/vsc39230/slyb/cofolding/out/rf3_remaining4_50056973/d2_s0_cofold/d2_s0_cofold_model.cif	3	A,B,C	96,96,51	0.0,0.0,0.0	C	0.1693	0.13800372183322906	0.2946518361568451	0.6825	21.1416	False
d2_s0	/scratch/brussel/vo/000/bvo00014/vsc39230/slyb/cofolding/out/rf3_remaining4_50056973/d2_s0_cofold/seed-0_sample-0/d2_s0_cofold_seed-0_sample-0_summary_confidences.json	/scratch/brussel/vo/000/bvo00014/vsc39230/slyb/cofolding/out/rf3_remaining4_50056973/d2_s0_cofold/seed-0_sample-0/d2_s0_cofold_seed-0_sample-0_model.cif	3	A,B,C	96,96,51	0.0,0.0,0.0	C	0.1672	0.13587991893291473	0.2926434278488159	0.6825	21.2503	False
d2_s0	/scratch/brussel/vo/000/bvo00014/vsc39230/slyb/cofolding/out/rf3_remaining4_50056973/d2_s0_cofold/seed-0_sample-1/d2_s0_cofold_seed-0_sample-1_summary_confidences.json	/scratch/brussel/vo/000/bvo00014/vsc39230/slyb/cofolding/out/rf3_remaining4_50056973/d2_s0_cofold/seed-0_sample-1/d2_s0_cofold_seed-0_sample-1_model.cif	3	A,B,C	96,96,51	0.0,0.0,0.0	C	0.1693	0.13800372183322906	0.2946518361568451	0.6825	21.1416	False
d2_s0	/scratch/brussel/vo/000/bvo00014/vsc39230/slyb/cofolding/out/rf3_remaining4_50056973/d2_s0_cofold/seed-0_sample-2/d2_s0_cofold_seed-0_sample-2_summary_confidences.json	/scratch/brussel/vo/000/bvo00014/vsc39230/slyb/cofolding/out/rf3_remaining4_50056973/d2_s0_cofold/seed-0_sample-2/d2_s0_cofold_seed-0_sample-2_model.cif	3	A,B,C	96,96,51	0.0,0.0,0.0	C	0.169	0.1375034600496292	0.2948908507823944	0.6826	21.2785	False
d2_s0	/scratch/brussel/vo/000/bvo00014/vsc39230/slyb/cofolding/out/rf3_remaining4_50056973/d2_s0_cofold/seed-0_sample-3/d2_s0_cofold_seed-0_sample-3_summary_confidences.json	/scratch/brussel/vo/000/bvo00014/vsc39230/slyb/cofolding/out/rf3_remaining4_50056973/d2_s0_cofold/seed-0_sample-3/d2_s0_cofold_seed-0_sample-3_model.cif	3	A,B,C	96,96,51	0.0,0.0,0.0	C	0.1664	0.13489125669002533	0.29265016317367554	0.6827	21.236	False
d2_s0	/scratch/brussel/vo/000/bvo00014/vsc39230/slyb/cofolding/out/rf3_remaining4_50056973/d2_s0_cofold/seed-0_sample-4/d2_s0_cofold_seed-0_sample-4_summary_confidences.json	/scratch/brussel/vo/000/bvo00014/vsc39230/slyb/cofolding/out/rf3_remaining4_50056973/d2_s0_cofold/seed-0_sample-4/d2_s0_cofold_seed-0_sample-4_model.cif	3	A,B,C	96,96,51	0.0,0.0,0.0	C	0.1633	0.1312515139579773	0.2915882468223572	0.683	21.1627	False
d2_s1	/scratch/brussel/vo/000/bvo00014/vsc39230/slyb/cofolding/out/rf3_remaining4_50056973/d2_s1_cofold/d2_s1_cofold_summary_confidences.json	/scratch/brussel/vo/000/bvo00014/vsc39230/slyb/cofolding/out/rf3_remaining4_50056973/d2_s1_cofold/d2_s1_cofold_model.cif	3	A,B,C	96,96,51	0.0,0.0,0.0	C	0.1722	0.1458863615989685	0.27767521142959595	0.6964	21.2244	False
d2_s1	/scratch/brussel/vo/000/bvo00014/vsc39230/slyb/cofolding/out/rf3_remaining4_50056973/d2_s1_cofold/seed-0_sample-0/d2_s1_cofold_seed-0_sample-0_summary_confidences.json	/scratch/brussel/vo/000/bvo00014/vsc39230/slyb/cofolding/out/rf3_remaining4_50056973/d2_s1_cofold/seed-0_sample-0/d2_s1_cofold_seed-0_sample-0_model.cif	3	A,B,C	96,96,51	0.0,0.0,0.0	C	0.167	0.14043058454990387	0.2730380594730377	0.6964	21.2788	False
d2_s1	/scratch/brussel/vo/000/bvo00014/vsc39230/slyb/cofolding/out/rf3_remaining4_50056973/d2_s1_cofold/seed-0_sample-1/d2_s1_cofold_seed-0_sample-1_summary_confidences.json	/scratch/brussel/vo/000/bvo00014/vsc39230/slyb/cofolding/out/rf3_remaining4_50056973/d2_s1_cofold/seed-0_sample-1/d2_s1_cofold_seed-0_sample-1_model.cif	3	A,B,C	96,96,51	0.0,0.0,0.0	C	0.1684	0.1419685333967209	0.27431410551071167	0.6963	21.2808	False
d2_s1	/scratch/brussel/vo/000/bvo00014/vsc39230/slyb/cofolding/out/rf3_remaining4_50056973/d2_s1_cofold/seed-0_sample-2/d2_s1_cofold_seed-0_sample-2_summary_confidences.json	/scratch/brussel/vo/000/bvo00014/vsc39230/slyb/cofolding/out/rf3_remaining4_50056973/d2_s1_cofold/seed-0_sample-2/d2_s1_cofold_seed-0_sample-2_model.cif	3	A,B,C	96,96,51	0.0,0.0,0.0	C	0.1655	0.13880741596221924	0.2723706364631653	0.6967	21.3284	False
d2_s1	/scratch/brussel/vo/000/bvo00014/vsc39230/slyb/cofolding/out/rf3_remaining4_50056973/d2_s1_cofold/seed-0_sample-3/d2_s1_cofold_seed-0_sample-3_summary_confidences.json	/scratch/brussel/vo/000/bvo00014/vsc39230/slyb/cofolding/out/rf3_remaining4_50056973/d2_s1_cofold/seed-0_sample-3/d2_s1_cofold_seed-0_sample-3_model.cif	3	A,B,C	96,96,51	0.0,0.0,0.0	C	0.1722	0.1458863615989685	0.27767521142959595	0.6964	21.2244	False
d2_s1	/scratch/brussel/vo/000/bvo00014/vsc39230/slyb/cofolding/out/rf3_remaining4_50056973/d2_s1_cofold/seed-0_sample-4/d2_s1_cofold_seed-0_sample-4_summary_confidences.json	/scratch/brussel/vo/000/bvo00014/vsc39230/slyb/cofolding/out/rf3_remaining4_50056973/d2_s1_cofold/seed-0_sample-4/d2_s1_cofold_seed-0_sample-4_model.cif	3	A,B,C	96,96,51	0.0,0.0,0.0	C	0.1675	0.14098864793777466	0.27367618680000305	0.6964	21.2962	False
d6_s3	/scratch/brussel/vo/000/bvo00014/vsc39230/slyb/cofolding/out/rf3_remaining4_50056973/d6_s3_cofold/d6_s3_cofold_summary_confidences.json	/scratch/brussel/vo/000/bvo00014/vsc39230/slyb/cofolding/out/rf3_remaining4_50056973/d6_s3_cofold/d6_s3_cofold_model.cif	3	A,B,C	96,96,38	0.0,0.0,0.0	C	0.1709	0.1561616212129593	0.23007549345493317	0.6799	21.1665	False
d6_s3	/scratch/brussel/vo/000/bvo00014/vsc39230/slyb/cofolding/out/rf3_remaining4_50056973/d6_s3_cofold/seed-0_sample-0/d6_s3_cofold_seed-0_sample-0_summary_confidences.json	/scratch/brussel/vo/000/bvo00014/vsc39230/slyb/cofolding/out/rf3_remaining4_50056973/d6_s3_cofold/seed-0_sample-0/d6_s3_cofold_seed-0_sample-0_model.cif	3	A,B,C	96,96,38	0.0,0.0,0.0	C	0.1664	0.15124811232089996	0.2271784543991089	0.6796	21.3029	False
d6_s3	/scratch/brussel/vo/000/bvo00014/vsc39230/slyb/cofolding/out/rf3_remaining4_50056973/d6_s3_cofold/seed-0_sample-1/d6_s3_cofold_seed-0_sample-1_summary_confidences.json	/scratch/brussel/vo/000/bvo00014/vsc39230/slyb/cofolding/out/rf3_remaining4_50056973/d6_s3_cofold/seed-0_sample-1/d6_s3_cofold_seed-0_sample-1_model.cif	3	A,B,C	96,96,38	0.0,0.0,0.0	C	0.1672	0.1516377329826355	0.22949400544166565	0.6798	21.1983	False
d6_s3	/scratch/brussel/vo/000/bvo00014/vsc39230/slyb/cofolding/out/rf3_remaining4_50056973/d6_s3_cofold/seed-0_sample-2/d6_s3_cofold_seed-0_sample-2_summary_confidences.json	/scratch/brussel/vo/000/bvo00014/vsc39230/slyb/cofolding/out/rf3_remaining4_50056973/d6_s3_cofold/seed-0_sample-2/d6_s3_cofold_seed-0_sample-2_model.cif	3	A,B,C	96,96,38	0.0,0.0,0.0	C	0.1709	0.1561616212129593	0.23007549345493317	0.6799	21.1665	False
d6_s3	/scratch/brussel/vo/000/bvo00014/vsc39230/slyb/cofolding/out/rf3_remaining4_50056973/d6_s3_cofold/seed-0_sample-3/d6_s3_cofold_seed-0_sample-3_summary_confidences.json	/scratch/brussel/vo/000/bvo00014/vsc39230/slyb/cofolding/out/rf3_remaining4_50056973/d6_s3_cofold/seed-0_sample-3/d6_s3_cofold_seed-0_sample-3_model.cif	3	A,B,C	96,96,38	0.0,0.0,0.0	C	-99.8279	0.15868380665779114	0.22573073208332062	0.6799	21.2753	True
d6_s3	/scratch/brussel/vo/000/bvo00014/vsc39230/slyb/cofolding/out/rf3_remaining4_50056973/d6_s3_cofold/seed-0_sample-4/d6_s3_cofold_seed-0_sample-4_summary_confidences.json	/scratch/brussel/vo/000/bvo00014/vsc39230/slyb/cofolding/out/rf3_remaining4_50056973/d6_s3_cofold/seed-0_sample-4/d6_s3_cofold_seed-0_sample-4_model.cif	3	A,B,C	96,96,38	0.0,0.0,0.0	C	-99.8284	0.1568876951932907	0.23020359873771667	0.6796	21.2222	True
d6_s7	/scratch/brussel/vo/000/bvo00014/vsc39230/slyb/cofolding/out/rf3_remaining4_50056973/d6_s7_cofold/d6_s7_cofold_summary_confidences.json	/scratch/brussel/vo/000/bvo00014/vsc39230/slyb/cofolding/out/rf3_remaining4_50056973/d6_s7_cofold/d6_s7_cofold_model.cif	3	A,B,C	96,96,38	0.0,0.0,0.0	C	0.2125	0.16949540376663208	0.3846532702445984	0.7123	19.275	False
d6_s7	/scratch/brussel/vo/000/bvo00014/vsc39230/slyb/cofolding/out/rf3_remaining4_50056973/d6_s7_cofold/seed-0_sample-0/d6_s7_cofold_seed-0_sample-0_summary_confidences.json	/scratch/brussel/vo/000/bvo00014/vsc39230/slyb/cofolding/out/rf3_remaining4_50056973/d6_s7_cofold/seed-0_sample-0/d6_s7_cofold_seed-0_sample-0_model.cif	3	A,B,C	96,96,38	0.0,0.0,0.0	C	0.2125	0.16949540376663208	0.3846532702445984	0.7123	19.275	False
d6_s7	/scratch/brussel/vo/000/bvo00014/vsc39230/slyb/cofolding/out/rf3_remaining4_50056973/d6_s7_cofold/seed-0_sample-1/d6_s7_cofold_seed-0_sample-1_summary_confidences.json	/scratch/brussel/vo/000/bvo00014/vsc39230/slyb/cofolding/out/rf3_remaining4_50056973/d6_s7_cofold/seed-0_sample-1/d6_s7_cofold_seed-0_sample-1_model.cif	3	A,B,C	96,96,38	0.0,0.0,0.0	C	0.2093	0.16569194197654724	0.3836032748222351	0.7123	19.2983	False
d6_s7	/scratch/brussel/vo/000/bvo00014/vsc39230/slyb/cofolding/out/rf3_remaining4_50056973/d6_s7_cofold/seed-0_sample-2/d6_s7_cofold_seed-0_sample-2_summary_confidences.json	/scratch/brussel/vo/000/bvo00014/vsc39230/slyb/cofolding/out/rf3_remaining4_50056973/d6_s7_cofold/seed-0_sample-2/d6_s7_cofold_seed-0_sample-2_model.cif	3	A,B,C	96,96,38	0.0,0.0,0.0	C	0.2099	0.16634391248226166	0.3843070864677429	0.7123	19.297	False
d6_s7	/scratch/brussel/vo/000/bvo00014/vsc39230/slyb/cofolding/out/rf3_remaining4_50056973/d6_s7_cofold/seed-0_sample-3/d6_s7_cofold_seed-0_sample-3_summary_confidences.json	/scratch/brussel/vo/000/bvo00014/vsc39230/slyb/cofolding/out/rf3_remaining4_50056973/d6_s7_cofold/seed-0_sample-3/d6_s7_cofold_seed-0_sample-3_model.cif	3	A,B,C	96,96,38	0.0,0.0,0.0	C	0.2113	0.16809538006782532	0.38422146439552307	0.7124	19.3452	False
d6_s7	/scratch/brussel/vo/000/bvo00014/vsc39230/slyb/cofolding/out/rf3_remaining4_50056973/d6_s7_cofold/seed-0_sample-4/d6_s7_cofold_seed-0_sample-4_summary_confidences.json	/scratch/brussel/vo/000/bvo00014/vsc39230/slyb/cofolding/out/rf3_remaining4_50056973/d6_s7_cofold/seed-0_sample-4/d6_s7_cofold_seed-0_sample-4_model.cif	3	A,B,C	96,96,38	0.0,0.0,0.0	C	0.2123	0.1690591275691986	0.38541272282600403	0.7124	19.2448	False
d1_s3	/scratch/brussel/vo/000/bvo00014/vsc39230/slyb/cofolding/out/rf3_smoke_50056972/d1_s3_cofold/d1_s3_cofold_summary_confidences.json	/scratch/brussel/vo/000/bvo00014/vsc39230/slyb/cofolding/out/rf3_smoke_50056972/d1_s3_cofold/d1_s3_cofold_model.cif	3	A,B,C	96,96,37	0.0,0.0,0.0	C	0.1457	0.12190351635217667	0.240959033370018	0.6875	21.4188	False
d1_s3	/scratch/brussel/vo/000/bvo00014/vsc39230/slyb/cofolding/out/rf3_smoke_50056972/d1_s3_cofold/seed-0_sample-0/d1_s3_cofold_seed-0_sample-0_summary_confidences.json	/scratch/brussel/vo/000/bvo00014/vsc39230/slyb/cofolding/out/rf3_smoke_50056972/d1_s3_cofold/seed-0_sample-0/d1_s3_cofold_seed-0_sample-0_model.cif	3	A,B,C	96,96,37	0.0,0.0,0.0	C	0.1445	0.12076520919799805	0.23965826630592346	0.6874	21.3985	False
d1_s3	/scratch/brussel/vo/000/bvo00014/vsc39230/slyb/cofolding/out/rf3_smoke_50056972/d1_s3_cofold/seed-0_sample-1/d1_s3_cofold_seed-0_sample-1_summary_confidences.json	/scratch/brussel/vo/000/bvo00014/vsc39230/slyb/cofolding/out/rf3_smoke_50056972/d1_s3_cofold/seed-0_sample-1/d1_s3_cofold_seed-0_sample-1_model.cif	3	A,B,C	96,96,37	0.0,0.0,0.0	C	0.1431	0.11900380253791809	0.23925837874412537	0.6877	21.4401	False
d1_s3	/scratch/brussel/vo/000/bvo00014/vsc39230/slyb/cofolding/out/rf3_smoke_50056972/d1_s3_cofold/seed-0_sample-2/d1_s3_cofold_seed-0_sample-2_summary_confidences.json	/scratch/brussel/vo/000/bvo00014/vsc39230/slyb/cofolding/out/rf3_smoke_50056972/d1_s3_cofold/seed-0_sample-2/d1_s3_cofold_seed-0_sample-2_model.cif	3	A,B,C	96,96,37	0.0,0.0,0.0	C	0.1437	0.11996861547231674	0.23881617188453674	0.6874	21.4531	False
d1_s3	/scratch/brussel/vo/000/bvo00014/vsc39230/slyb/cofolding/out/rf3_smoke_50056972/d1_s3_cofold/seed-0_sample-3/d1_s3_cofold_seed-0_sample-3_summary_confidences.json	/scratch/brussel/vo/000/bvo00014/vsc39230/slyb/cofolding/out/rf3_smoke_50056972/d1_s3_cofold/seed-0_sample-3/d1_s3_cofold_seed-0_sample-3_model.cif	3	A,B,C	96,96,37	0.0,0.0,0.0	C	0.1457	0.12190351635217667	0.240959033370018	0.6875	21.4188	False
d1_s3	/scratch/brussel/vo/000/bvo00014/vsc39230/slyb/cofolding/out/rf3_smoke_50056972/d1_s3_cofold/seed-0_sample-4/d1_s3_cofold_seed-0_sample-4_summary_confidences.json	/scratch/brussel/vo/000/bvo00014/vsc39230/slyb/cofolding/out/rf3_smoke_50056972/d1_s3_cofold/seed-0_sample-4/d1_s3_cofold_seed-0_sample-4_model.cif	3	A,B,C	96,96,37	0.0,0.0,0.0	C	0.145	0.1213473379611969	0.2396181970834732	0.6876	21.4074	False
