index	group	backbone	target_fit_rmsd_A	outward_offset_A	radial_delta_A	contacts_B_5A	contacts_A_5A	binderBB_ringBB_min_A	B132_A	B139_A	A110_A	A137_A	viewer_file
1	46_54	task_0_vertical96_46_54__shard_0_vertical96_46_54_vertical96_46_54_3_model_4.pdb	0.04661797238704662	21.896369063045725	21.947577052528743	6	12	2.9134135733635795	2.749400646383863	8.647402770830098	2.586723931281425	4.404469011183739	01_46_54__task_0_vertical96_46_54__shard_0_vertical96_46_54_vertical96_46_54_3_model_4__C11_ONE.pdb
2	46_54	task_0_vertical96_46_54__shard_0_vertical96_46_54_vertical96_46_54_1_model_4.pdb	0.04661797238704662	21.543626134776062	21.573198014734842	6	4	1.8656243785032518	3.9403329162779888	3.4554462394488685	5.532334106955996	6.446450492808096	02_46_54__task_0_vertical96_46_54__shard_0_vertical96_46_54_vertical96_46_54_1_model_4__C11_ONE.pdb
3	46_54	task_1_vertical96_46_54__shard_1_vertical96_46_54_vertical96_46_54_2_model_4.pdb	0.04661797238704662	21.262932563611063	21.263499244660572	8	5	2.9562605016869297	3.091231422275748	4.851534031129031	4.110391034670199	6.0497812068392305	03_46_54__task_1_vertical96_46_54__shard_1_vertical96_46_54_vertical96_46_54_2_model_4__C11_ONE.pdb
4	54_62	task_2_vertical96_54_62__shard_2_vertical96_54_62_vertical96_54_62_0_model_3.pdb	0.04661797238704662	20.82294329889395	20.839124703185774	5	4	2.2127966791493487	2.626604687312832	4.705591360216738	4.668474222527756	7.246509916689549	04_54_62__task_2_vertical96_54_62__shard_2_vertical96_54_62_vertical96_54_62_0_model_3__C11_ONE.pdb
5	54_62	task_3_vertical96_54_62__shard_3_vertical96_54_62_vertical96_54_62_2_model_3.pdb	0.04661797238704662	21.69680663376601	21.747005268863845	8	6	3.0654383479269547	4.185914669201665	4.068578957180462	4.181403449160127	4.559494962159224	05_54_62__task_3_vertical96_54_62__shard_3_vertical96_54_62_vertical96_54_62_2_model_3__C11_ONE.pdb
6	54_62	task_3_vertical96_54_62__shard_3_vertical96_54_62_vertical96_54_62_0_model_2.pdb	0.04661797238704662	21.127103939961188	21.14767225919728	5	7	4.350172623465775	3.7892886648919344	4.012776447114007	2.938774475353251	4.0836373948323175	06_54_62__task_3_vertical96_54_62__shard_3_vertical96_54_62_vertical96_54_62_0_model_2__C11_ONE.pdb
7	62_72	task_4_vertical96_62_72__shard_4_vertical96_62_72_vertical96_62_72_4_model_2.pdb	0.04661797238704662	21.124314359434013	21.149273234913238	5	7	3.0659455024873266	2.573977189793894	7.27005307450249	3.5929386260606218	4.192132786413972	07_62_72__task_4_vertical96_62_72__shard_4_vertical96_62_72_vertical96_62_72_4_model_2__C11_ONE.pdb
8	62_72	task_5_vertical96_62_72__shard_5_vertical96_62_72_vertical96_62_72_3_model_0.pdb	0.04661797238704662	19.94358993335257	19.97129760136972	4	10	2.5778468717674308	3.368318276150383	6.678419595264585	2.7244925126463553	3.6936712454626552	08_62_72__task_5_vertical96_62_72__shard_5_vertical96_62_72_vertical96_62_72_3_model_0__C11_ONE.pdb
9	62_72	task_4_vertical96_62_72__shard_4_vertical96_62_72_vertical96_62_72_4_model_0.pdb	0.04661797238704662	21.645507528613162	21.671244074474586	6	5	4.3883241247194755	2.345721561378046	4.086313529558478	3.900282281763882	7.797241378833399	09_62_72__task_4_vertical96_62_72__shard_4_vertical96_62_72_vertical96_62_72_4_model_0__C11_ONE.pdb
